description,tag
آیتم های مربوط به خرید و فروش زمین - خانه - ویلا و ...,مسکن
آیتم های مربوط به بورس - سهام - اوراق بهادار و ...,بورس
آیتم های مربوط به ارز دیجیتال :بیتکوین و اتریوم و ...-,ارزدیجیتال
آیتم ها با محتوای برنده شو - پولدار شو - قرعه کشی و ...,پول مفت
,سلبریتی
,تکنولوژی
آیتم های مربوط به کلاس کنکور - کتاب های تست کنکور - نکته و تست,کنکور
تبلیغات مربوط به گرفتن ویزا و اقامت - یادگیری زبان و ...,مهاجرت
تبلیغات مربوط به خرید و رزرو تور و بلیط - رزرو هتل و ویلا,گردشگری
تبلیغات مربوط به کودک و نوزاد - سیسمونی - اسباب بازی و ...,کودک
آیتم های مربوط به لوازم خانه - دکوراسیون منزل - اتاق خواب و ...,لوازم منزل
آیتم های مربوط به مواد غذایی و خوراکی,مواد غذایی
آیتم های مربوط به لباس - کیف - کفش و ...,پوشاک
آیتم های مربوط به عمل های زیبایی و لوازم آرایشی و زیبایی ظاهری ,زیبایی
بیماری و درمان - مراقبت از پوست و مو - سلامت روان  و ...,سلامت
تبلیغات مربوط به لاغری و تناسب اندام,تناسب اندام
آیتم های مربوط به خودرو - خرید و فروش  - جریمه - بیمه خودرو و ...,خودرو
 راه اندازی سایت و تامین خدمات برای کسب و کار ها و ...,کسب و کار
آیتم های مربوط به خانم ها,زنانه
آیتم های مربوط به آقایان,مردانه
